technica,concept
Acidity (pH),Capturing Critical Zone processes
Acidity (pH),Erosion
Acidity (pH),Evidencing ecosystem processes
Acidity (pH),Evidencing ecosystem processes
Acidity (pH),Evidencing human-ecosystem interactions
Acidity (pH),Evidencing human-ecosystem interactions
Acidity (pH),Regulating Climate
Acidity (pH),Regulating Climate
Acidity (pH),Restoration
Acidity (pH),Storing Carbon
Acidity (pH),Storing Carbon
Acidity (pH),Supporting a living ecosystem
Acidity (pH),Sustaining plant health
Bulk Density,Capturing Critical Zone processes
Bulk Density,Erosion
Bulk Density,Storing Carbon
Bulk Density,Storing Carbon
Bulk Density,Storing Carbon
Bulk Density,Storing Carbon
Bulk Density,Supporting a living ecosystem
Bulk Density,Sustaining plant health
Bulk Density,Sustaining plant health
Carbon Content,Archiving evidence of past ecosystem processes
Carbon Content,Archiving evidence of past human activities
Carbon Content,Archiving evidence of past human activities
Carbon Content,Capturing Critical Zone processes
Carbon Content,Erosion
Carbon Content,Erosion
Carbon Content,Evidencing ecosystem processes
Carbon Content,Evidencing human-ecosystem interactions
Carbon Content,Evidencing human-ecosystem interactions
Carbon Content,Forming rural landscapes
Carbon Content,Regulating Climate
Carbon Content,Regulating Climate
Carbon Content,Restoration
Carbon Content,Storing Carbon
Carbon Content,Storing Carbon
Carbon Content,Storing Carbon
Carbon Content,Storing Carbon
Carbon Content,Supporting a living ecosystem
Carbon Content,Supporting a living ecosystem
Carbon Content,Sustaining animal health
Carbon Content,Sustaining human health
Carbon Content,Sustaining plant health
Carbon Content,Sustaining plant health
Colour,Archiving evidence of past human activities
Colour,Erosion
Colour,Evidencing ecosystem processes
Colour,Evidencing human-ecosystem interactions
Colour,Storing Carbon
Colour,Storing Carbon
Colour,Storing Carbon
Colour,Storing Carbon
Colour,Sustaining plant health
Compaction,Archiving evidence of past ecosystem processes
Compaction,Archiving evidence of past human activities
Compaction,Archiving evidence of past human activities
Compaction,Archiving evidence of past human activities
Compaction,Erosion
Compaction,Erosion
Compaction,Erosion
Compaction,Evidencing human-ecosystem interactions
Compaction,Storing Carbon
Compaction,Supporting a living ecosystem
Compaction,Supporting a living ecosystem
Compaction,Sustaining plant health
Compaction,Sustaining plant health
Inorganic inclusions,Archiving evidence of past ecosystem processes
Inorganic inclusions,Archiving evidence of past human activities
Inorganic inclusions,Evidencing human-ecosystem interactions
Inorganic inclusions,Sustaining plant health
Moisture,Archiving evidence of past ecosystem processes
Moisture,Archiving evidence of past human activities
Moisture,Archiving evidence of past human activities
Moisture,Archiving evidence of past human activities
Moisture,Capturing Critical Zone processes
Moisture,Erosion
Moisture,Erosion
Moisture,Evidencing ecosystem processes
Moisture,Evidencing ecosystem processes
Moisture,Evidencing human-ecosystem interactions
Moisture,Forming rural landscapes
Moisture,Modification
Moisture,Regulating Climate
Moisture,Restoration
Moisture,Restoration
Moisture,Restoration
Moisture,Storing Carbon
Moisture,Storing Carbon
Moisture,Supporting a living ecosystem
Moisture,Sustaining animal health
Moisture,Sustaining animal health
Moisture,Sustaining human health
Moisture,Sustaining human health
Moisture,Sustaining plant health
Moisture,Sustaining plant health
Nutrient Content ,Archiving evidence of past ecosystem processes
Nutrient Content ,Archiving evidence of past human activities
Nutrient Content ,Archiving evidence of past human activities
Nutrient Content ,Archiving evidence of past human activities
Nutrient Content ,Evidencing ecosystem processes
Nutrient Content ,Evidencing human-ecosystem interactions
Nutrient Content ,Evidencing human-ecosystem interactions
Nutrient Content ,Modification
Nutrient Content ,Storing Carbon
Nutrient Content ,Supporting a living ecosystem
Nutrient Content ,Supporting a living ecosystem
Nutrient Content ,Sustaining animal health
Nutrient Content ,Sustaining animal health
Nutrient Content ,Sustaining animal health
Nutrient Content ,Sustaining human health
Nutrient Content ,Sustaining human health
Nutrient Content ,Sustaining human health
Nutrient Content ,Sustaining plant health
Nutrient Content ,Sustaining plant health
Nutrient Content ,Sustaining plant health
Nutrient Content ,Sustaining plant health
Organic Matter Content,Archiving evidence of past ecosystem processes
Organic Matter Content,Archiving evidence of past human activities
Organic Matter Content,Archiving evidence of past human activities
Organic Matter Content,Capturing Critical Zone processes
Organic Matter Content,Erosion
Organic Matter Content,Evidencing ecosystem processes
Organic Matter Content,Evidencing human-ecosystem interactions
Organic Matter Content,Forming rural landscapes
Organic Matter Content,Regulating Climate
Organic Matter Content,Regulating Climate
Organic Matter Content,Restoration
Organic Matter Content,Storing Carbon
Organic Matter Content,Storing Carbon
Organic Matter Content,Supporting a living ecosystem
Organic Matter Content,Supporting a living ecosystem
Organic Matter Content,Sustaining animal health
Organic Matter Content,Sustaining human health
Organic Matter Content,Sustaining plant health
Organisms present,Evidencing ecosystem processes
Organisms present,Supporting a living ecosystem
Porosity ,Archiving evidence of past ecosystem processes
Porosity ,Archiving evidence of past human activities
Porosity ,Capturing Critical Zone processes
Porosity ,Erosion
Porosity ,Erosion
Porosity ,Erosion
Porosity ,Evidencing human-ecosystem interactions
Porosity ,Restoration
Porosity ,Storing Carbon
Porosity ,Storing Carbon
Porosity ,Storing Carbon
Porosity ,Supporting a living ecosystem
Porosity ,Sustaining animal health
Porosity ,Sustaining human health
Porosity ,Sustaining plant health
Resistivity ,Archiving evidence of past ecosystem processes
Resistivity ,Archiving evidence of past ecosystem processes
Resistivity ,Archiving evidence of past human activities
Resistivity ,Archiving evidence of past human activities
Resistivity ,Archiving evidence of past human activities
Resistivity ,Archiving evidence of past human activities
Structure,Archiving evidence of past human activities
Structure,Archiving evidence of past human activities
Structure,Capturing Critical Zone processes
Structure,Erosion
Structure,Erosion
Structure,Erosion
Structure,Erosion
Structure,Regulating Climate
Structure,Storing Carbon
Structure,Storing Carbon
Structure,Storing Carbon
Structure,Supporting a living ecosystem
Structure,Sustaining animal health
Structure,Sustaining human health
Structure,Sustaining plant health
Temperature,Evidencing ecosystem processes
Temperature,Regulating Climate
Temperature,Storing Carbon
Temperature,Supporting a living ecosystem
Temperature,Sustaining plant health
Temperature,Sustaining plant health
Texture,Archiving evidence of past ecosystem processes
Texture,Archiving evidence of past ecosystem processes
Texture,Archiving evidence of past human activities
Texture,Archiving evidence of past human activities
Texture,Capturing Critical Zone processes
Texture,Erosion
Texture,Erosion
Texture,Storing Carbon
Texture,Storing Carbon
Texture,Storing Carbon
Texture,Supporting a living ecosystem
Texture,Sustaining animal health
Texture,Sustaining human health
Texture,Sustaining plant health
Texture,Sustaining plant health
